404de7de-e30c-4bf1-985d-77ff8dcd75aa,2.9L,cc9bd462-1e6d-4c1a-896c-4b73ad633062
c5128073-97ae-41d2-8113-52b427fac350,3.0L,cc9bd462-1e6d-4c1a-896c-4b73ad633062
a90b5282-4389-46d5-a898-51b43a5070a5,3.1L,cc9bd462-1e6d-4c1a-896c-4b73ad633062
250b09d9-e0a1-4c98-98d8-1d92006d7c69,3.2L,cc9bd462-1e6d-4c1a-896c-4b73ad633062
2ec1f5a4-d0ba-4e77-b33e-935b95583945,1.4L,086c8661-31a6-4063-b3fd-a94a5fb4952d
f429ba8e-b6d5-4295-aa3b-725e9c44c926,2.0L,086c8661-31a6-4063-b3fd-a94a5fb4952d
d7891442-7b5d-46a5-b136-1366365a794d,2.5L,086c8661-31a6-4063-b3fd-a94a5fb4952d
76ba3179-0cdc-4a29-bc6c-9c61d531ef8c,2.8L,086c8661-31a6-4063-b3fd-a94a5fb4952d
28ffda9a-1d83-4e0f-8040-3e534f96ab0a,3.0L,086c8661-31a6-4063-b3fd-a94a5fb4952d
36951f86-727d-418e-b106-e03929242f32,3.2L,086c8661-31a6-4063-b3fd-a94a5fb4952d
3b95f207-38fd-4112-90d4-3c6dbd091b79,3.6L,086c8661-31a6-4063-b3fd-a94a5fb4952d
db20429d-78f8-4e4b-8807-ce6cd891e246,4.1L,086c8661-31a6-4063-b3fd-a94a5fb4952d
e4594bb7-b35e-4ac6-bbad-b0cdf932b7fd,4.2L,086c8661-31a6-4063-b3fd-a94a5fb4952d
9fd0d3c8-fb57-4465-84f1-184958d21dc0,4.4L,086c8661-31a6-4063-b3fd-a94a5fb4952d
7d53f695-ec3b-4c11-b0c8-a05eebe6c44c,2.2L,28db5797-e383-41d6-bebe-1b1177dedf70
fe71a1c1-473c-49c9-aafa-3412946fe2aa,2.4L,28db5797-e383-41d6-bebe-1b1177dedf70
97d96230-5174-42b6-b647-e8682f12f01d,2.5L,28db5797-e383-41d6-bebe-1b1177dedf70
c786a106-807a-47cd-8929-692bd119d3bd,2.7L,28db5797-e383-41d6-bebe-1b1177dedf70
30eaf4ba-3ee4-434a-8d40-f2639feef0e6,3.0L,28db5797-e383-41d6-bebe-1b1177dedf70
2598d959-42d7-4cf8-bed6-4f7b5930c20c,3.2L,28db5797-e383-41d6-bebe-1b1177dedf70
11c0c7dc-df29-4796-af5e-cb0d4a8a7288,3.3L,28db5797-e383-41d6-bebe-1b1177dedf70
c1e559c7-00e6-4050-8d69-7e31ecb81f88,3.5L,28db5797-e383-41d6-bebe-1b1177dedf70
459ae6f7-014b-4a08-879f-5ff06712b4c5,3.6L,28db5797-e383-41d6-bebe-1b1177dedf70
5a8c676e-d18f-40a5-9e18-0899920750ca,3.8L,28db5797-e383-41d6-bebe-1b1177dedf70
b7ffde41-d42e-4067-a914-117bd1d1f8b2,1.0L,d12ae808-1ff8-408c-87a5-8f0fdad719cc
b7daeb78-be1e-43d1-967d-e6cad37dd2bf,1.3L,d12ae808-1ff8-408c-87a5-8f0fdad719cc
e72f0d27-7c03-4282-855c-9443197c5795,1.5L,d12ae808-1ff8-408c-87a5-8f0fdad719cc
e3bca4fd-5b75-49c1-999f-f98259d133a4,1.4L,cc9bd462-1e6d-4c1a-896c-4b73ad633062
cc6c9ee4-7c58-4026-b7c9-5c9c8113fede,1.8L,cc9bd462-1e6d-4c1a-896c-4b73ad633062
7ac6fbb3-a853-4d8a-a1da-2834180354a1,2.0L,cc9bd462-1e6d-4c1a-896c-4b73ad633062
62033521-9099-4c0c-b372-e0228514bccb,2.5L,cc9bd462-1e6d-4c1a-896c-4b73ad633062
8c416885-4033-49e1-b682-8b04ea326131,2.7L,cc9bd462-1e6d-4c1a-896c-4b73ad633062
5f80190e-499c-4e18-9cdb-6384a6e8099b,2.8L,cc9bd462-1e6d-4c1a-896c-4b73ad633062
